[
  {
    "icon": "fa fa-home",
    "slug": "external",
    "title": "Volver al inicio",
    "path": "index.html"
  },   
  {
    "id": 0,
    "icon": "fa fa-play-circle",
    "slug": "introduccion",
    "title": "Introducción",
    "breadcrumb": ["Inicio","Introducción"],
    "path": "pages/introduccion.html"
  },
  {
    "id": 1,
    "icon": "fa fa-file-text",
    "slug": "generalidades",
    "title": "1. Generalidades",    
    "path": "pages/tema-1.html",
    "submenu": [
      {
        "icon": "fa fa-file-text",
        "slug": "generalidades",
        "title": "1.1 Temperatura",
        "anchor": "tema1_1"
      }, 
      {
        "icon": "fa fa-file-text",
        "slug": "generalidades",
        "title": "1.2 Equipamiento",
        "anchor": "tema1_2"
      }, 
      {
        "icon": "fa fa-file-text",
        "slug": "generalidades",
        "title": "1.3 Logística",
        "anchor": "tema1_3"
      }
    ]   
  },
  {
    "id": 2,
    "icon": "fa fa-file-text",
    "slug": "ultracongeladores",
    "title": "2. Ultracongeladores",    
    "path": "pages/tema-2.html",
    "submenu": [
      {
        "icon": "fa fa-file-text",
        "slug": "ultracongeladores",
        "title": "2.1 Manejo y uso",
        "anchor": "tema2_1"
      }      
    ]   
  },
  {
    "id": 3,
    "icon": "fa fa-file-text",
    "slug": "vacunas_covid19",
    "title": "3. Vacuna contra el COVID-19",    
    "path": "pages/tema-3.html",
    "submenu": [
      {
        "icon": "fa fa-file-text",
        "slug": "vacunas_covid19",
        "title": "3.1 Almacenamiento",
        "anchor": "tema3_1"
      }, 
      {
        "icon": "fa fa-file-text",
        "slug": "vacunas_covid19",
        "title": "3.2 Conservación",
        "anchor": "tema3_2"
      },
      {
        "icon": "fa fa-file-text",
        "slug": "vacunas_covid19",
        "title": "3.3 Transporte",
        "anchor": "tema3_3"
      }     
    ]   
  },
  {
    "id": 4,
    "icon": "fa fa-file-text",
    "slug": "bioseguridad",
    "title": "4. Bioseguridad",    
    "path": "pages/tema-4.html",
    "submenu": [
      {
        "icon": "fa fa-file-text",
        "slug": "bioseguridad",
        "title": "4.1 Principios",
        "anchor": "tema4_1"
      }, 
      {
        "icon": "fa fa-file-text",
        "slug": "bioseguridad",
        "title": "4.2 Objetivo",
        "anchor": "tema4_2"
      },
      {
        "icon": "fa fa-file-text",
        "slug": "bioseguridad",
        "title": "4.3 Procedimiento",
        "anchor": "tema4_3"
      }
      ,
      {
        "icon": "fa fa-file-text",
        "slug": "bioseguridad",
        "title": "4.4 Elementos de protección personal (EPP)",
        "anchor": "tema4_4"
      }          
    ]   
  },
  {
    "id": 5,
    "icon": "fa fa-question-circle",
    "slug": "actividad",
    "title": "Actividad didáctica",    
    "path": "pages/actividad-1.html"    
  }
]